{"cameraMode":{"drawMode":0,"name":"Shaded","section":"Shading Mode"},"sceneLighting":true,"audioPlay":false,"sceneViewState":{"showFog":true,"showMaterialUpdate":false,"showSkybox":true,"showFlares":true,"showImageEffects":true,"showParticleSystems":true,"showVisualEffectGraphs":true,"m_FxEnabled":false},"in2DMode":false,"pivot":{"x":-12.738870620727539,"y":6.115471363067627,"z":-8.653361320495606},"rotation":{"x":0.0007081989897415042,"y":0.9976677298545837,"z":0.01047589723020792,"w":-0.06744503229856491},"size":10.920249938964844,"orthographic":false}